{ "AK": {
    "01": {
      "age": {
        "average": 35.91901808075008,
        "name": "AK01",
        "stddev": 21.843242283381365
      },
      "income": {
        "average": 93788.10672057934,
        "name": "AK01",
        "stddev": 65096.637563900134
      }
    }
  },
  "AL": {
    "01": {
      "age": {
        "average": 40.190101028167796,
        "name": "AL01",
        "stddev": 23.646877386621423
      },
      "income": {
        "average": 63734.347241530275,
        "name": "AL01",
        "stddev": 56863.44216547966
      }
    },
    "02": {
      "age": {
        "average": 39.44398426691666,
        "name": "AL02",
        "stddev": 23.326629481688514
      },
      "income": {
        "average": 59336.720703685976,
        "name": "AL02",
        "stddev": 52557.04746203437
      }
    },
    "03": {
      "age": {
        "average": 39.10365731618279,
        "name": "AL03",
        "stddev": 23.20641699874558
      },
      "income": {
        "average": 61087.32509775227,
        "name": "AL03",
        "stddev": 52148.86552824765
      }
    },
    "04": {
      "age": {
        "average": 40.58194308863368,
        "name": "AL04",
        "stddev": 23.62923220128263
      },
      "income": {
        "average": 57236.52309980857,
        "name": "AL04",
        "stddev": 50450.33383680466
      }
    },
    "05": {
      "age": {
        "average": 39.89710453890298,
        "name": "AL05",
        "stddev": 23.15552376597223
      },
      "income": {
        "average": 72092.01036754636,
        "name": "AL05",
        "stddev": 61987.26099292417
      }
    },
    "06": {
      "age": {
        "average": 39.354625744009695,
        "name": "AL06",
        "stddev": 23.266643552397667
      },
      "income": {
        "average": 80914.39711615817,
        "name": "AL06",
        "stddev": 63833.3346567492
      }
    },
    "07": {
      "age": {
        "average": 38.56438712197467,
        "name": "AL07",
        "stddev": 23.258319065339435
      },
      "income": {
        "average": 49593.551400951765,
        "name": "AL07",
        "stddev": 48330.10954350136
      }
    }
  }
}